,0
f,160
160,"{'ts': (16.41,), 'nodes': {'1': ""{'demand': -1, 'value': 7.67, 'price': 7.67, 'type': 'buyer', 'color': (0.0, 0.7137254901960784, 0.6431372549019607), 'pos': [6.39, -0.62, 0]}"", '2': ""{'demand': 1, 'value': 0, 'price': 7.67, 'type': 'seller', 'color': (0.31826327, 0.1157429, 0.30100076), 'pos': [8, 0, 0]}"", '3': ""{'demand': -5, 'value': 0, 'price': 7.67, 'type': 'buyer', 'color': (0, 0, 3), 'pos': (0, 0, 0)}"", '4': ""{'demand': -4, 'value': 7.67, 'price': 7.67, 'type': 'buyer', 'color': (0.0, 0.9294117647058824, 0.5352941176470588), 'pos': [6.38, 0.83, 0]}"", '6': ""{'demand': 2, 'value': 0, 'price': 7.67, 'type': 'seller', 'color': (0, 0, 6), 'pos': (0, 0, 0)}"", '7': ""{'demand': 2, 'value': 0, 'price': 7.67, 'type': 'seller', 'color': (0, 0, 7), 'pos': (0, 0, 0)}"", '8': ""{'demand': -4, 'value': 9.13, 'price': 7.67, 'type': 'buyer', 'color': (0, 0, 8), 'pos': (0, 0, 0)}"", '9': ""{'demand': -5, 'value': 7.67, 'price': 7.67, 'type': 'buyer', 'color': (0, 0, 9), 'pos': (0, 0, 0)}"", '10': ""{'demand': -3, 'value': 7.67, 'price': 7.67, 'type': 'buyer', 'color': (0, 0, 10), 'pos': (0, 0, 0)}"", '11': ""{'demand': 3, 'value': 0, 'price': 7.67, 'type': 'seller', 'color': (0, 0, 11), 'pos': (0, 0, 0)}"", '12': ""{'demand': 4, 'value': 0, 'price': 18.56, 'type': 'seller', 'color': (0, 0, 12), 'pos': (0, 0, 0)}"", '13': ""{'demand': -3, 'value': 7.67, 'price': 7.67, 'type': 'buyer', 'color': (0.0, 0.6431372549019607, 0.6784313725490196), 'pos': [4.26, -0.31, 0]}""}, 'adj':        2     1     4    13     6     9     8     3    10    11     7    12
2   0.00  7.67  7.67  7.67  0.00  0.00  7.67  7.67  0.00  0.00  0.00  0.00
1   7.67  0.00  0.00  0.00  7.67  0.00  0.00  0.00  0.00  0.00  7.67  7.67
4   7.67  0.00  0.00  0.00  0.00  0.00  0.00  0.00  0.00  7.67  0.00  0.00
13  7.67  0.00  0.00  0.00  7.67  0.00  0.00  0.00  0.00  0.00  0.00  0.00
6   0.00  7.67  0.00  7.67  0.00  0.00  0.00  7.67  0.00  0.00  0.00  0.00
9   0.00  0.00  0.00  0.00  0.00  0.00  0.00  0.00  0.00  7.67  7.67  0.00
8   7.67  0.00  0.00  0.00  0.00  0.00  0.00  0.00  0.00  7.67  7.67  7.67
3   7.67  0.00  0.00  0.00  7.67  0.00  0.00  0.00  0.00  0.00  0.00  0.00
10  0.00  0.00  0.00  0.00  0.00  0.00  0.00  0.00  0.00  7.67  0.00  7.67
11  0.00  0.00  7.67  0.00  0.00  7.67  7.67  0.00  7.67  0.00  0.00  0.00
7   0.00  7.67  0.00  0.00  0.00  7.67  7.67  0.00  0.00  0.00  0.00  0.00
12  0.00  7.67  0.00  0.00  0.00  0.00  7.67  0.00  7.67  0.00  0.00  0.00, 'edges':    source target  weight
0       2      1    7.67
1       2      4    7.67
2       2     13    7.67
3       2      8    7.67
4       2      3    7.67
5       1      6    7.67
6       1      7    7.67
7       1     12    7.67
8       4     11    7.67
9      13      6    7.67
10      6      3    7.67
11      9     11    7.67
12      9      7    7.67
13      8     11    7.67
14      8      7    7.67
15      8     12    7.67
16     10     11    7.67
17     10     12    7.67}"
f,161
161,"{'ts': (16.41,), 'nodes': {'1': ""{'demand': -1, 'value': 7.67, 'price': 7.67, 'type': 'buyer', 'color': (0.0, 0.7137254901960784, 0.6431372549019607), 'pos': [6.39, -0.62, 0]}"", '2': ""{'demand': 1, 'value': 0, 'price': 7.67, 'type': 'seller', 'color': (0.31826327, 0.1157429, 0.30100076), 'pos': [8, 0, 0]}"", '3': ""{'demand': -5, 'value': 0, 'price': 7.67, 'type': 'buyer', 'color': (0, 0, 3), 'pos': (0, 0, 0)}"", '4': ""{'demand': -4, 'value': 7.67, 'price': 7.67, 'type': 'buyer', 'color': (0.0, 0.9294117647058824, 0.5352941176470588), 'pos': [6.38, 0.83, 0]}"", '6': ""{'demand': 2, 'value': 0, 'price': 7.67, 'type': 'seller', 'color': (0, 0, 6), 'pos': (0, 0, 0)}"", '7': ""{'demand': 2, 'value': 0, 'price': 7.67, 'type': 'seller', 'color': (0, 0, 7), 'pos': (0, 0, 0)}"", '8': ""{'demand': -4, 'value': 9.13, 'price': 7.67, 'type': 'buyer', 'color': (0, 0, 8), 'pos': (0, 0, 0)}"", '9': ""{'demand': -5, 'value': 7.67, 'price': 7.67, 'type': 'buyer', 'color': (0, 0, 9), 'pos': (0, 0, 0)}"", '10': ""{'demand': -3, 'value': 7.67, 'price': 7.67, 'type': 'buyer', 'color': (0, 0, 10), 'pos': (0, 0, 0)}"", '11': ""{'demand': 3, 'value': 0, 'price': 7.67, 'type': 'seller', 'color': (0, 0, 11), 'pos': (0, 0, 0)}"", '12': ""{'demand': 4, 'value': 0, 'price': 18.56, 'type': 'seller', 'color': (0, 0, 12), 'pos': (0, 0, 0)}"", '13': ""{'demand': -3, 'value': 7.67, 'price': 7.67, 'type': 'buyer', 'color': (0.0, 0.6431372549019607, 0.6784313725490196), 'pos': [4.26, -0.31, 0]}""}, 'adj':        2     1     4    13     6     9     8     3    10    11     7    12
2   0.00  7.67  7.67  7.67  0.00  0.00  7.67  7.67  0.00  0.00  0.00  0.00
1   7.67  0.00  0.00  0.00  7.67  0.00  0.00  0.00  0.00  0.00  7.67  7.67
4   7.67  0.00  0.00  0.00  0.00  0.00  0.00  0.00  0.00  7.67  0.00  0.00
13  7.67  0.00  0.00  0.00  7.67  0.00  0.00  0.00  0.00  0.00  0.00  0.00
6   0.00  7.67  0.00  7.67  0.00  0.00  0.00  7.67  0.00  0.00  0.00  0.00
9   0.00  0.00  0.00  0.00  0.00  0.00  0.00  0.00  0.00  7.67  7.67  0.00
8   7.67  0.00  0.00  0.00  0.00  0.00  0.00  0.00  0.00  7.67  7.67  7.67
3   7.67  0.00  0.00  0.00  7.67  0.00  0.00  0.00  0.00  0.00  0.00  0.00
10  0.00  0.00  0.00  0.00  0.00  0.00  0.00  0.00  0.00  7.67  0.00  7.67
11  0.00  0.00  7.67  0.00  0.00  7.67  7.67  0.00  7.67  0.00  0.00  0.00
7   0.00  7.67  0.00  0.00  0.00  7.67  7.67  0.00  0.00  0.00  0.00  0.00
12  0.00  7.67  0.00  0.00  0.00  0.00  7.67  0.00  7.67  0.00  0.00  0.00, 'edges':    source target  weight
0       2      1    7.67
1       2      4    7.67
2       2     13    7.67
3       2      8    7.67
4       2      3    7.67
5       1      6    7.67
6       1      7    7.67
7       1     12    7.67
8       4     11    7.67
9      13      6    7.67
10      6      3    7.67
11      9     11    7.67
12      9      7    7.67
13      8     11    7.67
14      8      7    7.67
15      8     12    7.67
16     10     11    7.67
17     10     12    7.67}"
f,162
162,"{'ts': (16.42,), 'nodes': {'1': ""{'demand': -1, 'value': 7.67, 'price': 7.67, 'type': 'buyer', 'color': (0.0, 0.7137254901960784, 0.6431372549019607), 'pos': [6.39, -0.62, 0]}"", '2': ""{'demand': 1, 'value': 0, 'price': 7.67, 'type': 'seller', 'color': (0.31826327, 0.1157429, 0.30100076), 'pos': [8, 0, 0]}"", '3': ""{'demand': -5, 'value': 0, 'price': 7.67, 'type': 'buyer', 'color': (0, 0, 3), 'pos': (0, 0, 0)}"", '4': ""{'demand': -4, 'value': 7.67, 'price': 7.67, 'type': 'buyer', 'color': (0.0, 0.9294117647058824, 0.5352941176470588), 'pos': [6.38, 0.83, 0]}"", '6': ""{'demand': 2, 'value': 0, 'price': 7.67, 'type': 'seller', 'color': (0, 0, 6), 'pos': (0, 0, 0)}"", '7': ""{'demand': 2, 'value': 0, 'price': 7.67, 'type': 'seller', 'color': (0, 0, 7), 'pos': (0, 0, 0)}"", '8': ""{'demand': -4, 'value': 9.13, 'price': 7.67, 'type': 'buyer', 'color': (0, 0, 8), 'pos': (0, 0, 0)}"", '9': ""{'demand': -5, 'value': 7.67, 'price': 7.67, 'type': 'buyer', 'color': (0, 0, 9), 'pos': (0, 0, 0)}"", '10': ""{'demand': -3, 'value': 7.67, 'price': 7.67, 'type': 'buyer', 'color': (0, 0, 10), 'pos': (0, 0, 0)}"", '11': ""{'demand': 3, 'value': 0, 'price': 7.67, 'type': 'seller', 'color': (0, 0, 11), 'pos': (0, 0, 0)}"", '12': ""{'demand': 4, 'value': 0, 'price': 18.56, 'type': 'seller', 'color': (0, 0, 12), 'pos': (0, 0, 0)}"", '13': ""{'demand': -3, 'value': 7.67, 'price': 7.67, 'type': 'buyer', 'color': (0.0, 0.6431372549019607, 0.6784313725490196), 'pos': [4.26, -0.31, 0]}""}, 'adj':        2     1     4    13     6     9     8     3    10    11     7    12
2   0.00  7.67  7.67  7.67  0.00  0.00  7.67  7.67  0.00  0.00  0.00  0.00
1   7.67  0.00  0.00  0.00  7.67  0.00  0.00  0.00  0.00  0.00  7.67  7.67
4   7.67  0.00  0.00  0.00  0.00  0.00  0.00  0.00  0.00  7.67  0.00  0.00
13  7.67  0.00  0.00  0.00  7.67  0.00  0.00  0.00  0.00  0.00  0.00  0.00
6   0.00  7.67  0.00  7.67  0.00  0.00  0.00  7.67  0.00  0.00  0.00  0.00
9   0.00  0.00  0.00  0.00  0.00  0.00  0.00  0.00  0.00  7.67  7.67  0.00
8   7.67  0.00  0.00  0.00  0.00  0.00  0.00  0.00  0.00  7.67  7.67  7.67
3   7.67  0.00  0.00  0.00  7.67  0.00  0.00  0.00  0.00  0.00  0.00  0.00
10  0.00  0.00  0.00  0.00  0.00  0.00  0.00  0.00  0.00  7.67  0.00  7.67
11  0.00  0.00  7.67  0.00  0.00  7.67  7.67  0.00  7.67  0.00  0.00  0.00
7   0.00  7.67  0.00  0.00  0.00  7.67  7.67  0.00  0.00  0.00  0.00  0.00
12  0.00  7.67  0.00  0.00  0.00  0.00  7.67  0.00  7.67  0.00  0.00  0.00, 'edges':    source target  weight
0       2      1    7.67
1       2      4    7.67
2       2     13    7.67
3       2      8    7.67
4       2      3    7.67
5       1      6    7.67
6       1      7    7.67
7       1     12    7.67
8       4     11    7.67
9      13      6    7.67
10      6      3    7.67
11      9     11    7.67
12      9      7    7.67
13      8     11    7.67
14      8      7    7.67
15      8     12    7.67
16     10     11    7.67
17     10     12    7.67}"
f,163
163,"{'ts': (16.42,), 'nodes': {'1': ""{'demand': -1, 'value': 7.67, 'price': 7.67, 'type': 'buyer', 'color': (0.0, 0.7137254901960784, 0.6431372549019607), 'pos': [6.39, -0.62, 0]}"", '2': ""{'demand': 1, 'value': 0, 'price': 7.67, 'type': 'seller', 'color': (0.31826327, 0.1157429, 0.30100076), 'pos': [8, 0, 0]}"", '3': ""{'demand': -5, 'value': 0, 'price': 7.67, 'type': 'buyer', 'color': (0, 0, 3), 'pos': (0, 0, 0)}"", '4': ""{'demand': -4, 'value': 7.67, 'price': 7.67, 'type': 'buyer', 'color': (0.0, 0.9294117647058824, 0.5352941176470588), 'pos': [6.38, 0.83, 0]}"", '6': ""{'demand': 2, 'value': 0, 'price': 7.67, 'type': 'seller', 'color': (0, 0, 6), 'pos': (0, 0, 0)}"", '7': ""{'demand': 2, 'value': 0, 'price': 7.67, 'type': 'seller', 'color': (0, 0, 7), 'pos': (0, 0, 0)}"", '8': ""{'demand': -4, 'value': 9.13, 'price': 7.67, 'type': 'buyer', 'color': (0, 0, 8), 'pos': (0, 0, 0)}"", '9': ""{'demand': -5, 'value': 7.67, 'price': 7.67, 'type': 'buyer', 'color': (0, 0, 9), 'pos': (0, 0, 0)}"", '10': ""{'demand': -3, 'value': 7.67, 'price': 7.67, 'type': 'buyer', 'color': (0, 0, 10), 'pos': (0, 0, 0)}"", '11': ""{'demand': 3, 'value': 0, 'price': 7.67, 'type': 'seller', 'color': (0, 0, 11), 'pos': (0, 0, 0)}"", '12': ""{'demand': 4, 'value': 0, 'price': 18.56, 'type': 'seller', 'color': (0, 0, 12), 'pos': (0, 0, 0)}"", '13': ""{'demand': -3, 'value': 7.67, 'price': 7.67, 'type': 'buyer', 'color': (0.0, 0.6431372549019607, 0.6784313725490196), 'pos': [4.26, -0.31, 0]}""}, 'adj':        2     1     4    13     6     9     8     3    10    11     7    12
2   0.00  7.67  7.67  7.67  0.00  0.00  7.67  7.67  0.00  0.00  0.00  0.00
1   7.67  0.00  0.00  0.00  7.67  0.00  0.00  0.00  0.00  0.00  7.67  7.67
4   7.67  0.00  0.00  0.00  0.00  0.00  0.00  0.00  0.00  7.67  0.00  0.00
13  7.67  0.00  0.00  0.00  7.67  0.00  0.00  0.00  0.00  0.00  0.00  0.00
6   0.00  7.67  0.00  7.67  0.00  0.00  0.00  7.67  0.00  0.00  0.00  0.00
9   0.00  0.00  0.00  0.00  0.00  0.00  0.00  0.00  0.00  7.67  7.67  0.00
8   7.67  0.00  0.00  0.00  0.00  0.00  0.00  0.00  0.00  7.67  7.67  7.67
3   7.67  0.00  0.00  0.00  7.67  0.00  0.00  0.00  0.00  0.00  0.00  0.00
10  0.00  0.00  0.00  0.00  0.00  0.00  0.00  0.00  0.00  7.67  0.00  7.67
11  0.00  0.00  7.67  0.00  0.00  7.67  7.67  0.00  7.67  0.00  0.00  0.00
7   0.00  7.67  0.00  0.00  0.00  7.67  7.67  0.00  0.00  0.00  0.00  0.00
12  0.00  7.67  0.00  0.00  0.00  0.00  7.67  0.00  7.67  0.00  0.00  0.00, 'edges':    source target  weight
0       2      1    7.67
1       2      4    7.67
2       2     13    7.67
3       2      8    7.67
4       2      3    7.67
5       1      6    7.67
6       1      7    7.67
7       1     12    7.67
8       4     11    7.67
9      13      6    7.67
10      6      3    7.67
11      9     11    7.67
12      9      7    7.67
13      8     11    7.67
14      8      7    7.67
15      8     12    7.67
16     10     11    7.67
17     10     12    7.67}"
f,164
164,"{'ts': (16.43,), 'nodes': {'1': ""{'demand': -1, 'value': 7.67, 'price': 7.67, 'type': 'buyer', 'color': (0.0, 0.7137254901960784, 0.6431372549019607), 'pos': [6.39, -0.62, 0]}"", '2': ""{'demand': 1, 'value': 0, 'price': 7.67, 'type': 'seller', 'color': (0.31826327, 0.1157429, 0.30100076), 'pos': [8, 0, 0]}"", '3': ""{'demand': -5, 'value': 0, 'price': 7.67, 'type': 'buyer', 'color': (0, 0, 3), 'pos': (0, 0, 0)}"", '4': ""{'demand': -4, 'value': 7.67, 'price': 7.67, 'type': 'buyer', 'color': (0.0, 0.9294117647058824, 0.5352941176470588), 'pos': [6.38, 0.83, 0]}"", '6': ""{'demand': 2, 'value': 0, 'price': 7.67, 'type': 'seller', 'color': (0, 0, 6), 'pos': (0, 0, 0)}"", '7': ""{'demand': 2, 'value': 0, 'price': 7.67, 'type': 'seller', 'color': (0, 0, 7), 'pos': (0, 0, 0)}"", '8': ""{'demand': -4, 'value': 9.13, 'price': 7.67, 'type': 'buyer', 'color': (0, 0, 8), 'pos': (0, 0, 0)}"", '9': ""{'demand': -5, 'value': 7.67, 'price': 7.67, 'type': 'buyer', 'color': (0, 0, 9), 'pos': (0, 0, 0)}"", '10': ""{'demand': -3, 'value': 7.67, 'price': 7.67, 'type': 'buyer', 'color': (0, 0, 10), 'pos': (0, 0, 0)}"", '11': ""{'demand': 3, 'value': 0, 'price': 7.67, 'type': 'seller', 'color': (0, 0, 11), 'pos': (0, 0, 0)}"", '12': ""{'demand': 4, 'value': 0, 'price': 18.56, 'type': 'seller', 'color': (0, 0, 12), 'pos': (0, 0, 0)}"", '13': ""{'demand': -3, 'value': 7.67, 'price': 7.67, 'type': 'buyer', 'color': (0.0, 0.6431372549019607, 0.6784313725490196), 'pos': [4.26, -0.31, 0]}""}, 'adj':        2     1     4    13     6     9     8     3    10    11     7    12
2   0.00  7.67  7.67  7.67  0.00  0.00  7.67  7.67  0.00  0.00  0.00  0.00
1   7.67  0.00  0.00  0.00  7.67  0.00  0.00  0.00  0.00  0.00  7.67  7.67
4   7.67  0.00  0.00  0.00  0.00  0.00  0.00  0.00  0.00  7.67  0.00  0.00
13  7.67  0.00  0.00  0.00  7.67  0.00  0.00  0.00  0.00  0.00  0.00  0.00
6   0.00  7.67  0.00  7.67  0.00  0.00  0.00  7.67  0.00  0.00  0.00  0.00
9   0.00  0.00  0.00  0.00  0.00  0.00  0.00  0.00  0.00  7.67  7.67  0.00
8   7.67  0.00  0.00  0.00  0.00  0.00  0.00  0.00  0.00  7.67  7.67  7.67
3   7.67  0.00  0.00  0.00  7.67  0.00  0.00  0.00  0.00  0.00  0.00  0.00
10  0.00  0.00  0.00  0.00  0.00  0.00  0.00  0.00  0.00  7.67  0.00  7.67
11  0.00  0.00  7.67  0.00  0.00  7.67  7.67  0.00  7.67  0.00  0.00  0.00
7   0.00  7.67  0.00  0.00  0.00  7.67  7.67  0.00  0.00  0.00  0.00  0.00
12  0.00  7.67  0.00  0.00  0.00  0.00  7.67  0.00  7.67  0.00  0.00  0.00, 'edges':    source target  weight
0       2      1    7.67
1       2      4    7.67
2       2     13    7.67
3       2      8    7.67
4       2      3    7.67
5       1      6    7.67
6       1      7    7.67
7       1     12    7.67
8       4     11    7.67
9      13      6    7.67
10      6      3    7.67
11      9     11    7.67
12      9      7    7.67
13      8     11    7.67
14      8      7    7.67
15      8     12    7.67
16     10     11    7.67
17     10     12    7.67}"
f,165
165,"{'ts': (16.43,), 'nodes': {'1': ""{'demand': -1, 'value': 7.67, 'price': 7.67, 'type': 'buyer', 'color': (0.0, 0.7137254901960784, 0.6431372549019607), 'pos': [6.39, -0.62, 0]}"", '2': ""{'demand': 1, 'value': 0, 'price': 7.67, 'type': 'seller', 'color': (0.31826327, 0.1157429, 0.30100076), 'pos': [8, 0, 0]}"", '3': ""{'demand': -5, 'value': 0, 'price': 7.67, 'type': 'buyer', 'color': (0, 0, 3), 'pos': (0, 0, 0)}"", '4': ""{'demand': -4, 'value': 7.67, 'price': 7.67, 'type': 'buyer', 'color': (0.0, 0.9294117647058824, 0.5352941176470588), 'pos': [6.38, 0.83, 0]}"", '6': ""{'demand': 2, 'value': 0, 'price': 7.67, 'type': 'seller', 'color': (0, 0, 6), 'pos': (0, 0, 0)}"", '7': ""{'demand': 2, 'value': 0, 'price': 7.67, 'type': 'seller', 'color': (0, 0, 7), 'pos': (0, 0, 0)}"", '8': ""{'demand': -4, 'value': 9.13, 'price': 7.67, 'type': 'buyer', 'color': (0, 0, 8), 'pos': (0, 0, 0)}"", '9': ""{'demand': -5, 'value': 7.67, 'price': 7.67, 'type': 'buyer', 'color': (0, 0, 9), 'pos': (0, 0, 0)}"", '10': ""{'demand': -3, 'value': 7.67, 'price': 7.67, 'type': 'buyer', 'color': (0, 0, 10), 'pos': (0, 0, 0)}"", '11': ""{'demand': 3, 'value': 0, 'price': 7.67, 'type': 'seller', 'color': (0, 0, 11), 'pos': (0, 0, 0)}"", '12': ""{'demand': 4, 'value': 0, 'price': 18.56, 'type': 'seller', 'color': (0, 0, 12), 'pos': (0, 0, 0)}"", '13': ""{'demand': -3, 'value': 7.67, 'price': 7.67, 'type': 'buyer', 'color': (0.0, 0.6431372549019607, 0.6784313725490196), 'pos': [4.26, -0.31, 0]}""}, 'adj':        2     1     4    13     6     9     8     3    10    11     7    12
2   0.00  7.67  7.67  7.67  0.00  0.00  7.67  7.67  0.00  0.00  0.00  0.00
1   7.67  0.00  0.00  0.00  7.67  0.00  0.00  0.00  0.00  0.00  7.67  7.67
4   7.67  0.00  0.00  0.00  0.00  0.00  0.00  0.00  0.00  7.67  0.00  0.00
13  7.67  0.00  0.00  0.00  7.67  0.00  0.00  0.00  0.00  0.00  0.00  0.00
6   0.00  7.67  0.00  7.67  0.00  0.00  0.00  7.67  0.00  0.00  0.00  0.00
9   0.00  0.00  0.00  0.00  0.00  0.00  0.00  0.00  0.00  7.67  7.67  0.00
8   7.67  0.00  0.00  0.00  0.00  0.00  0.00  0.00  0.00  7.67  7.67  7.67
3   7.67  0.00  0.00  0.00  7.67  0.00  0.00  0.00  0.00  0.00  0.00  0.00
10  0.00  0.00  0.00  0.00  0.00  0.00  0.00  0.00  0.00  7.67  0.00  7.67
11  0.00  0.00  7.67  0.00  0.00  7.67  7.67  0.00  7.67  0.00  0.00  0.00
7   0.00  7.67  0.00  0.00  0.00  7.67  7.67  0.00  0.00  0.00  0.00  0.00
12  0.00  7.67  0.00  0.00  0.00  0.00  7.67  0.00  7.67  0.00  0.00  0.00, 'edges':    source target  weight
0       2      1    7.67
1       2      4    7.67
2       2     13    7.67
3       2      8    7.67
4       2      3    7.67
5       1      6    7.67
6       1      7    7.67
7       1     12    7.67
8       4     11    7.67
9      13      6    7.67
10      6      3    7.67
11      9     11    7.67
12      9      7    7.67
13      8     11    7.67
14      8      7    7.67
15      8     12    7.67
16     10     11    7.67
17     10     12    7.67}"
f,166
166,"{'ts': (16.44,), 'nodes': {'1': ""{'demand': -4, 'value': 0, 'price': 5.37, 'type': 'buyer', 'color': (0, 0, 1), 'pos': (0, 0, 0)}"", '3': ""{'demand': -5, 'value': 0, 'price': 7.67, 'type': 'buyer', 'color': (0, 0, 3), 'pos': (0, 0, 0)}"", '4': ""{'demand': -4, 'value': 7.67, 'price': 7.67, 'type': 'buyer', 'color': (0.0, 0.9294117647058824, 0.5352941176470588), 'pos': [6.38, 0.83, 0]}"", '5': ""{'demand': 4, 'value': 0, 'price': 17.52, 'type': 'seller', 'color': (0, 0, 5), 'pos': (0, 0, 0)}"", '6': ""{'demand': 2, 'value': 0, 'price': 7.67, 'type': 'seller', 'color': (0, 0, 6), 'pos': (0, 0, 0)}"", '7': ""{'demand': 2, 'value': 0, 'price': 7.67, 'type': 'seller', 'color': (0, 0, 7), 'pos': (0, 0, 0)}"", '8': ""{'demand': -4, 'value': 9.13, 'price': 7.67, 'type': 'buyer', 'color': (0, 0, 8), 'pos': (0, 0, 0)}"", '9': ""{'demand': -5, 'value': 7.67, 'price': 7.67, 'type': 'buyer', 'color': (0, 0, 9), 'pos': (0, 0, 0)}"", '10': ""{'demand': -3, 'value': 7.67, 'price': 7.67, 'type': 'buyer', 'color': (0, 0, 10), 'pos': (0, 0, 0)}"", '11': ""{'demand': 3, 'value': 0, 'price': 7.67, 'type': 'seller', 'color': (0, 0, 11), 'pos': (0, 0, 0)}"", '12': ""{'demand': 4, 'value': 0, 'price': 18.56, 'type': 'seller', 'color': (0, 0, 12), 'pos': (0, 0, 0)}"", '13': ""{'demand': -3, 'value': 7.67, 'price': 7.67, 'type': 'buyer', 'color': (0.0, 0.6431372549019607, 0.6784313725490196), 'pos': [4.26, -0.31, 0]}""}, 'adj':        4    13     6      9     8      3    10    11     7    12      1      5
4   0.00  0.00  0.00   0.00  0.00   0.00  0.00  7.67  0.00  0.00   0.00   0.00
13  0.00  0.00  7.67   0.00  0.00   0.00  0.00  0.00  0.00  0.00   0.00   0.00
6   0.00  7.67  0.00   0.00  0.00   7.67  0.00  0.00  0.00  0.00   0.00   0.00
9   0.00  0.00  0.00   0.00  0.00   0.00  0.00  7.67  7.67  0.00   0.00  17.52
8   0.00  0.00  0.00   0.00  0.00   0.00  0.00  7.67  7.67  7.67   0.00   0.00
3   0.00  0.00  7.67   0.00  0.00   0.00  0.00  0.00  0.00  0.00   0.00  17.52
10  0.00  0.00  0.00   0.00  0.00   0.00  0.00  7.67  0.00  7.67   0.00   0.00
11  7.67  0.00  0.00   7.67  7.67   0.00  7.67  0.00  0.00  0.00   5.37   0.00
7   0.00  0.00  0.00   7.67  7.67   0.00  0.00  0.00  0.00  0.00   0.00   0.00
12  0.00  0.00  0.00   0.00  7.67   0.00  7.67  0.00  0.00  0.00   5.37   0.00
1   0.00  0.00  0.00   0.00  0.00   0.00  0.00  5.37  0.00  5.37   0.00  17.52
5   0.00  0.00  0.00  17.52  0.00  17.52  0.00  0.00  0.00  0.00  17.52   0.00, 'edges':    source target  weight
0       4     11    7.67
1      13      6    7.67
2       6      3    7.67
3       9     11    7.67
4       9      7    7.67
5       9      5   17.52
6       8     11    7.67
7       8      7    7.67
8       8     12    7.67
9       3      5   17.52
10     10     11    7.67
11     10     12    7.67
12     11      1    5.37
13     12      1    5.37
14      1      5   17.52}"
f,167
167,"{'ts': (16.44,), 'nodes': {'1': ""{'demand': -4, 'value': 0, 'price': 5.37, 'type': 'buyer', 'color': (0, 0, 1), 'pos': (0, 0, 0)}"", '3': ""{'demand': -5, 'value': 0, 'price': 7.67, 'type': 'buyer', 'color': (0, 0, 3), 'pos': (0, 0, 0)}"", '4': ""{'demand': -4, 'value': 7.67, 'price': 7.67, 'type': 'buyer', 'color': (0.0, 0.9294117647058824, 0.5352941176470588), 'pos': [6.38, 0.83, 0]}"", '5': ""{'demand': 4, 'value': 0, 'price': 17.52, 'type': 'seller', 'color': (0, 0, 5), 'pos': (0, 0, 0)}"", '6': ""{'demand': 2, 'value': 0, 'price': 7.67, 'type': 'seller', 'color': (0, 0, 6), 'pos': (0, 0, 0)}"", '7': ""{'demand': 2, 'value': 0, 'price': 7.67, 'type': 'seller', 'color': (0, 0, 7), 'pos': (0, 0, 0)}"", '8': ""{'demand': -4, 'value': 9.13, 'price': 7.67, 'type': 'buyer', 'color': (0, 0, 8), 'pos': (0, 0, 0)}"", '9': ""{'demand': -5, 'value': 7.67, 'price': 7.67, 'type': 'buyer', 'color': (0, 0, 9), 'pos': (0, 0, 0)}"", '10': ""{'demand': -3, 'value': 7.67, 'price': 7.67, 'type': 'buyer', 'color': (0, 0, 10), 'pos': (0, 0, 0)}"", '11': ""{'demand': 3, 'value': 0, 'price': 7.67, 'type': 'seller', 'color': (0, 0, 11), 'pos': (0, 0, 0)}"", '12': ""{'demand': 4, 'value': 0, 'price': 18.56, 'type': 'seller', 'color': (0, 0, 12), 'pos': (0, 0, 0)}"", '13': ""{'demand': -3, 'value': 7.67, 'price': 7.67, 'type': 'buyer', 'color': (0.0, 0.6431372549019607, 0.6784313725490196), 'pos': [4.26, -0.31, 0]}""}, 'adj':        4    13     6      9     8     3    10    11     7    12      1      5
4   0.00  0.00  0.00   0.00  0.00  0.00  0.00  7.67  0.00  0.00   0.00   0.00
13  0.00  0.00  7.67   0.00  0.00  0.00  0.00  0.00  0.00  0.00   0.00   0.00
6   0.00  7.67  0.00   0.00  0.00  7.67  0.00  0.00  0.00  0.00   0.00   0.00
9   0.00  0.00  0.00   0.00  0.00  0.00  0.00  7.67  7.67  0.00   0.00  17.52
8   0.00  0.00  0.00   0.00  0.00  0.00  0.00  7.67  7.67  7.67   0.00   0.00
3   0.00  0.00  7.67   0.00  0.00  0.00  0.00  0.00  0.00  0.00   0.00   7.67
10  0.00  0.00  0.00   0.00  0.00  0.00  0.00  7.67  0.00  7.67   0.00   0.00
11  7.67  0.00  0.00   7.67  7.67  0.00  7.67  0.00  0.00  0.00   5.37   0.00
7   0.00  0.00  0.00   7.67  7.67  0.00  0.00  0.00  0.00  0.00   0.00   0.00
12  0.00  0.00  0.00   0.00  7.67  0.00  7.67  0.00  0.00  0.00   5.37   0.00
1   0.00  0.00  0.00   0.00  0.00  0.00  0.00  5.37  0.00  5.37   0.00  17.52
5   0.00  0.00  0.00  17.52  0.00  7.67  0.00  0.00  0.00  0.00  17.52   0.00, 'edges':    source target  weight
0       4     11    7.67
1      13      6    7.67
2       6      3    7.67
3       9     11    7.67
4       9      7    7.67
5       9      5   17.52
6       8     11    7.67
7       8      7    7.67
8       8     12    7.67
9       3      5    7.67
10     10     11    7.67
11     10     12    7.67
12     11      1    5.37
13     12      1    5.37
14      1      5   17.52}"
f,168
168,"{'ts': (16.45,), 'nodes': {'1': ""{'demand': -4, 'value': 0, 'price': 5.37, 'type': 'buyer', 'color': (0, 0, 1), 'pos': (0, 0, 0)}"", '3': ""{'demand': -5, 'value': 0, 'price': 7.67, 'type': 'buyer', 'color': (0, 0, 3), 'pos': (0, 0, 0)}"", '4': ""{'demand': -4, 'value': 7.67, 'price': 7.67, 'type': 'buyer', 'color': (0.0, 0.9294117647058824, 0.5352941176470588), 'pos': [6.38, 0.83, 0]}"", '5': ""{'demand': 4, 'value': 0, 'price': 17.52, 'type': 'seller', 'color': (0, 0, 5), 'pos': (0, 0, 0)}"", '6': ""{'demand': 1, 'value': 0, 'price': 7.67, 'type': 'seller', 'color': (0, 0, 6), 'pos': (0, 0, 0)}"", '7': ""{'demand': 2, 'value': 0, 'price': 7.67, 'type': 'seller', 'color': (0, 0, 7), 'pos': (0, 0, 0)}"", '8': ""{'demand': -4, 'value': 9.13, 'price': 7.67, 'type': 'buyer', 'color': (0, 0, 8), 'pos': (0, 0, 0)}"", '9': ""{'demand': -5, 'value': 7.67, 'price': 7.67, 'type': 'buyer', 'color': (0, 0, 9), 'pos': (0, 0, 0)}"", '10': ""{'demand': -3, 'value': 7.67, 'price': 7.67, 'type': 'buyer', 'color': (0, 0, 10), 'pos': (0, 0, 0)}"", '11': ""{'demand': 3, 'value': 0, 'price': 7.67, 'type': 'seller', 'color': (0, 0, 11), 'pos': (0, 0, 0)}"", '12': ""{'demand': 4, 'value': 0, 'price': 18.56, 'type': 'seller', 'color': (0, 0, 12), 'pos': (0, 0, 0)}"", '13': ""{'demand': -2, 'value': 7.67, 'price': 7.67, 'type': 'buyer', 'color': (0.0, 0.6431372549019607, 0.6784313725490196), 'pos': [4.26, -0.31, 0]}""}, 'adj':        4    13     6      9     8     3    10    11     7    12      1      5
4   0.00  0.00  0.00   0.00  0.00  0.00  0.00  7.67  0.00  7.67   0.00   0.00
13  0.00  0.00  7.67   0.00  0.00  0.00  0.00  0.00  0.00  0.00   0.00   7.67
6   0.00  7.67  0.00   0.00  0.00  7.67  0.00  0.00  0.00  0.00   0.00   0.00
9   0.00  0.00  0.00   0.00  0.00  0.00  0.00  7.67  7.67  0.00   0.00  17.52
8   0.00  0.00  0.00   0.00  0.00  0.00  0.00  7.67  7.67  7.67   0.00   0.00
3   0.00  0.00  7.67   0.00  0.00  0.00  0.00  0.00  0.00  0.00   0.00   7.67
10  0.00  0.00  0.00   0.00  0.00  0.00  0.00  7.67  0.00  7.67   0.00   0.00
11  7.67  0.00  0.00   7.67  7.67  0.00  7.67  0.00  0.00  0.00   5.37   0.00
7   0.00  0.00  0.00   7.67  7.67  0.00  0.00  0.00  0.00  0.00   0.00   0.00
12  7.67  0.00  0.00   0.00  7.67  0.00  7.67  0.00  0.00  0.00   5.37   0.00
1   0.00  0.00  0.00   0.00  0.00  0.00  0.00  5.37  0.00  5.37   0.00  17.52
5   0.00  7.67  0.00  17.52  0.00  7.67  0.00  0.00  0.00  0.00  17.52   0.00, 'edges':    source target  weight
0       4     11    7.67
1       4     12    7.67
2      13      6    7.67
3      13      5    7.67
4       6      3    7.67
5       9     11    7.67
6       9      7    7.67
7       9      5   17.52
8       8     11    7.67
9       8      7    7.67
10      8     12    7.67
11      3      5    7.67
12     10     11    7.67
13     10     12    7.67
14     11      1    5.37
15     12      1    5.37
16      1      5   17.52}"
f,169
169,"{'ts': (16.47,), 'nodes': {'1': ""{'demand': -4, 'value': 0, 'price': 5.37, 'type': 'buyer', 'color': (0, 0, 1), 'pos': (0, 0, 0)}"", '3': ""{'demand': -5, 'value': 0, 'price': 7.67, 'type': 'buyer', 'color': (0, 0, 3), 'pos': (0, 0, 0)}"", '4': ""{'demand': -4, 'value': 7.67, 'price': 7.67, 'type': 'buyer', 'color': (0.0, 0.9294117647058824, 0.5352941176470588), 'pos': [6.38, 0.83, 0]}"", '5': ""{'demand': 4, 'value': 0, 'price': 17.52, 'type': 'seller', 'color': (0, 0, 5), 'pos': (0, 0, 0)}"", '6': ""{'demand': 1, 'value': 0, 'price': 7.67, 'type': 'seller', 'color': (0, 0, 6), 'pos': (0, 0, 0)}"", '7': ""{'demand': 2, 'value': 0, 'price': 7.67, 'type': 'seller', 'color': (0, 0, 7), 'pos': (0, 0, 0)}"", '8': ""{'demand': -4, 'value': 9.13, 'price': 7.67, 'type': 'buyer', 'color': (0, 0, 8), 'pos': (0, 0, 0)}"", '9': ""{'demand': -5, 'value': 7.67, 'price': 7.67, 'type': 'buyer', 'color': (0, 0, 9), 'pos': (0, 0, 0)}"", '10': ""{'demand': -3, 'value': 7.67, 'price': 7.67, 'type': 'buyer', 'color': (0, 0, 10), 'pos': (0, 0, 0)}"", '11': ""{'demand': 3, 'value': 0, 'price': 7.67, 'type': 'seller', 'color': (0, 0, 11), 'pos': (0, 0, 0)}"", '12': ""{'demand': 4, 'value': 0, 'price': 18.56, 'type': 'seller', 'color': (0, 0, 12), 'pos': (0, 0, 0)}"", '13': ""{'demand': -2, 'value': 7.67, 'price': 7.67, 'type': 'buyer', 'color': (0.0, 0.6431372549019607, 0.6784313725490196), 'pos': [4.26, -0.31, 0]}""}, 'adj':        4    13     6      9     8     3    10    11     7    12      1      5
4   0.00  0.00  0.00   0.00  0.00  0.00  0.00  7.67  0.00  7.67   0.00   0.00
13  0.00  0.00  7.67   0.00  0.00  0.00  0.00  0.00  0.00  0.00   0.00   7.67
6   0.00  7.67  0.00   0.00  0.00  7.67  0.00  0.00  0.00  0.00   0.00   0.00
9   0.00  0.00  0.00   0.00  0.00  0.00  0.00  7.67  7.67  0.00   0.00  17.52
8   0.00  0.00  0.00   0.00  0.00  0.00  0.00  7.67  7.67  7.67   0.00   0.00
3   0.00  0.00  7.67   0.00  0.00  0.00  0.00  0.00  0.00  0.00   0.00   7.67
10  0.00  0.00  0.00   0.00  0.00  0.00  0.00  7.67  0.00  7.67   0.00   0.00
11  7.67  0.00  0.00   7.67  7.67  0.00  7.67  0.00  0.00  0.00   5.37   0.00
7   0.00  0.00  0.00   7.67  7.67  0.00  0.00  0.00  0.00  0.00   0.00   0.00
12  7.67  0.00  0.00   0.00  7.67  0.00  7.67  0.00  0.00  0.00   5.37   0.00
1   0.00  0.00  0.00   0.00  0.00  0.00  0.00  5.37  0.00  5.37   0.00  17.52
5   0.00  7.67  0.00  17.52  0.00  7.67  0.00  0.00  0.00  0.00  17.52   0.00, 'edges':    source target  weight
0       4     11    7.67
1       4     12    7.67
2      13      6    7.67
3      13      5    7.67
4       6      3    7.67
5       9     11    7.67
6       9      7    7.67
7       9      5   17.52
8       8     11    7.67
9       8      7    7.67
10      8     12    7.67
11      3      5    7.67
12     10     11    7.67
13     10     12    7.67
14     11      1    5.37
15     12      1    5.37
16      1      5   17.52}"
f,170
170,"{'ts': (16.47,), 'nodes': {'1': ""{'demand': -4, 'value': 0, 'price': 5.37, 'type': 'buyer', 'color': (0, 0, 1), 'pos': (0, 0, 0)}"", '3': ""{'demand': -5, 'value': 0, 'price': 7.67, 'type': 'buyer', 'color': (0, 0, 3), 'pos': (0, 0, 0)}"", '4': ""{'demand': -4, 'value': 7.67, 'price': 7.67, 'type': 'buyer', 'color': (0.0, 0.9294117647058824, 0.5352941176470588), 'pos': [6.38, 0.83, 0]}"", '5': ""{'demand': 4, 'value': 0, 'price': 17.52, 'type': 'seller', 'color': (0, 0, 5), 'pos': (0, 0, 0)}"", '6': ""{'demand': 1, 'value': 0, 'price': 7.67, 'type': 'seller', 'color': (0, 0, 6), 'pos': (0, 0, 0)}"", '7': ""{'demand': 2, 'value': 0, 'price': 7.67, 'type': 'seller', 'color': (0, 0, 7), 'pos': (0, 0, 0)}"", '8': ""{'demand': -4, 'value': 9.13, 'price': 7.67, 'type': 'buyer', 'color': (0, 0, 8), 'pos': (0, 0, 0)}"", '9': ""{'demand': -5, 'value': 7.67, 'price': 7.67, 'type': 'buyer', 'color': (0, 0, 9), 'pos': (0, 0, 0)}"", '10': ""{'demand': -3, 'value': 7.67, 'price': 7.67, 'type': 'buyer', 'color': (0, 0, 10), 'pos': (0, 0, 0)}"", '11': ""{'demand': 3, 'value': 0, 'price': 7.67, 'type': 'seller', 'color': (0, 0, 11), 'pos': (0, 0, 0)}"", '12': ""{'demand': 4, 'value': 0, 'price': 18.56, 'type': 'seller', 'color': (0, 0, 12), 'pos': (0, 0, 0)}"", '13': ""{'demand': -2, 'value': 7.67, 'price': 7.67, 'type': 'buyer', 'color': (0.0, 0.6431372549019607, 0.6784313725490196), 'pos': [4.26, -0.31, 0]}""}, 'adj':        4    13     6     9     8     3    10    11     7    12      1      5
4   0.00  0.00  0.00  0.00  0.00  0.00  0.00  7.67  0.00  7.67   0.00   0.00
13  0.00  0.00  7.67  0.00  0.00  0.00  0.00  0.00  0.00  0.00   0.00   7.67
6   0.00  7.67  0.00  0.00  0.00  7.67  0.00  0.00  0.00  0.00   0.00   0.00
9   0.00  0.00  0.00  0.00  0.00  0.00  0.00  7.67  7.67  0.00   0.00   7.67
8   0.00  0.00  0.00  0.00  0.00  0.00  0.00  7.67  7.67  7.67   0.00   0.00
3   0.00  0.00  7.67  0.00  0.00  0.00  0.00  0.00  0.00  0.00   0.00   7.67
10  0.00  0.00  0.00  0.00  0.00  0.00  0.00  7.67  0.00  7.67   0.00   0.00
11  7.67  0.00  0.00  7.67  7.67  0.00  7.67  0.00  0.00  0.00   5.37   0.00
7   0.00  0.00  0.00  7.67  7.67  0.00  0.00  0.00  0.00  0.00   0.00   0.00
12  7.67  0.00  0.00  0.00  7.67  0.00  7.67  0.00  0.00  0.00   5.37   0.00
1   0.00  0.00  0.00  0.00  0.00  0.00  0.00  5.37  0.00  5.37   0.00  17.52
5   0.00  7.67  0.00  7.67  0.00  7.67  0.00  0.00  0.00  0.00  17.52   0.00, 'edges':    source target  weight
0       4     11    7.67
1       4     12    7.67
2      13      6    7.67
3      13      5    7.67
4       6      3    7.67
5       9     11    7.67
6       9      7    7.67
7       9      5    7.67
8       8     11    7.67
9       8      7    7.67
10      8     12    7.67
11      3      5    7.67
12     10     11    7.67
13     10     12    7.67
14     11      1    5.37
15     12      1    5.37
16      1      5   17.52}"
f,171
171,"{'ts': (16.49,), 'nodes': {'1': ""{'demand': -4, 'value': 0, 'price': 5.37, 'type': 'buyer', 'color': (0, 0, 1), 'pos': (0, 0, 0)}"", '3': ""{'demand': -5, 'value': 0, 'price': 7.67, 'type': 'buyer', 'color': (0, 0, 3), 'pos': (0, 0, 0)}"", '4': ""{'demand': -4, 'value': 7.67, 'price': 7.67, 'type': 'buyer', 'color': (0.0, 0.9294117647058824, 0.5352941176470588), 'pos': [6.38, 0.83, 0]}"", '5': ""{'demand': 4, 'value': 0, 'price': 17.52, 'type': 'seller', 'color': (0, 0, 5), 'pos': (0, 0, 0)}"", '6': ""{'demand': 1, 'value': 0, 'price': 7.67, 'type': 'seller', 'color': (0, 0, 6), 'pos': (0, 0, 0)}"", '7': ""{'demand': 2, 'value': 0, 'price': 7.67, 'type': 'seller', 'color': (0, 0, 7), 'pos': (0, 0, 0)}"", '8': ""{'demand': -4, 'value': 9.13, 'price': 7.67, 'type': 'buyer', 'color': (0, 0, 8), 'pos': (0, 0, 0)}"", '9': ""{'demand': -5, 'value': 7.67, 'price': 7.67, 'type': 'buyer', 'color': (0, 0, 9), 'pos': (0, 0, 0)}"", '10': ""{'demand': -3, 'value': 7.67, 'price': 7.67, 'type': 'buyer', 'color': (0, 0, 10), 'pos': (0, 0, 0)}"", '11': ""{'demand': 3, 'value': 0, 'price': 7.67, 'type': 'seller', 'color': (0, 0, 11), 'pos': (0, 0, 0)}"", '12': ""{'demand': 4, 'value': 0, 'price': 18.56, 'type': 'seller', 'color': (0, 0, 12), 'pos': (0, 0, 0)}"", '13': ""{'demand': -2, 'value': 7.67, 'price': 7.67, 'type': 'buyer', 'color': (0.0, 0.6431372549019607, 0.6784313725490196), 'pos': [4.26, -0.31, 0]}""}, 'adj':        4    13     6     9     8     3    10    11     7    12      1      5
4   0.00  0.00  0.00  0.00  0.00  0.00  0.00  7.67  0.00  7.67   0.00   0.00
13  0.00  0.00  7.67  0.00  0.00  0.00  0.00  0.00  0.00  0.00   0.00   7.67
6   0.00  7.67  0.00  0.00  0.00  7.67  0.00  0.00  0.00  0.00   0.00   0.00
9   0.00  0.00  0.00  0.00  0.00  0.00  0.00  7.67  7.67  0.00   0.00   7.67
8   0.00  0.00  0.00  0.00  0.00  0.00  0.00  7.67  7.67  7.67   0.00   0.00
3   0.00  0.00  7.67  0.00  0.00  0.00  0.00  0.00  0.00  0.00   0.00   7.67
10  0.00  0.00  0.00  0.00  0.00  0.00  0.00  7.67  0.00  7.67   0.00   0.00
11  7.67  0.00  0.00  7.67  7.67  0.00  7.67  0.00  0.00  0.00   5.37   0.00
7   0.00  0.00  0.00  7.67  7.67  0.00  0.00  0.00  0.00  0.00   0.00   0.00
12  7.67  0.00  0.00  0.00  7.67  0.00  7.67  0.00  0.00  0.00   5.37   0.00
1   0.00  0.00  0.00  0.00  0.00  0.00  0.00  5.37  0.00  5.37   0.00  17.52
5   0.00  7.67  0.00  7.67  0.00  7.67  0.00  0.00  0.00  0.00  17.52   0.00, 'edges':    source target  weight
0       4     11    7.67
1       4     12    7.67
2      13      6    7.67
3      13      5    7.67
4       6      3    7.67
5       9     11    7.67
6       9      7    7.67
7       9      5    7.67
8       8     11    7.67
9       8      7    7.67
10      8     12    7.67
11      3      5    7.67
12     10     11    7.67
13     10     12    7.67
14     11      1    5.37
15     12      1    5.37
16      1      5   17.52}"
f,172
172,"{'ts': (16.49,), 'nodes': {'1': ""{'demand': -4, 'value': 0, 'price': 5.37, 'type': 'buyer', 'color': (0, 0, 1), 'pos': (0, 0, 0)}"", '3': ""{'demand': -5, 'value': 0, 'price': 7.67, 'type': 'buyer', 'color': (0, 0, 3), 'pos': (0, 0, 0)}"", '4': ""{'demand': -4, 'value': 7.67, 'price': 7.67, 'type': 'buyer', 'color': (0.0, 0.9294117647058824, 0.5352941176470588), 'pos': [6.38, 0.83, 0]}"", '5': ""{'demand': 4, 'value': 0, 'price': 17.52, 'type': 'seller', 'color': (0, 0, 5), 'pos': (0, 0, 0)}"", '6': ""{'demand': 1, 'value': 0, 'price': 7.67, 'type': 'seller', 'color': (0, 0, 6), 'pos': (0, 0, 0)}"", '7': ""{'demand': 2, 'value': 0, 'price': 7.67, 'type': 'seller', 'color': (0, 0, 7), 'pos': (0, 0, 0)}"", '8': ""{'demand': -4, 'value': 9.13, 'price': 7.67, 'type': 'buyer', 'color': (0, 0, 8), 'pos': (0, 0, 0)}"", '9': ""{'demand': -5, 'value': 7.67, 'price': 7.67, 'type': 'buyer', 'color': (0, 0, 9), 'pos': (0, 0, 0)}"", '10': ""{'demand': -3, 'value': 7.67, 'price': 7.67, 'type': 'buyer', 'color': (0, 0, 10), 'pos': (0, 0, 0)}"", '11': ""{'demand': 3, 'value': 0, 'price': 7.67, 'type': 'seller', 'color': (0, 0, 11), 'pos': (0, 0, 0)}"", '12': ""{'demand': 4, 'value': 0, 'price': 18.56, 'type': 'seller', 'color': (0, 0, 12), 'pos': (0, 0, 0)}"", '13': ""{'demand': -2, 'value': 7.67, 'price': 7.67, 'type': 'buyer', 'color': (0.0, 0.6431372549019607, 0.6784313725490196), 'pos': [4.26, -0.31, 0]}""}, 'adj':        4    13     6     9     8     3    10    11     7    12      1      5
4   0.00  0.00  0.00  0.00  0.00  0.00  0.00  7.67  0.00  7.67   0.00   0.00
13  0.00  0.00  7.67  0.00  0.00  0.00  0.00  0.00  0.00  0.00   0.00   7.67
6   0.00  7.67  0.00  0.00  0.00  7.67  0.00  0.00  0.00  0.00   0.00   0.00
9   0.00  0.00  0.00  0.00  0.00  0.00  0.00  7.67  7.67  0.00   0.00   7.67
8   0.00  0.00  0.00  0.00  0.00  0.00  0.00  7.67  7.67  7.67   0.00   0.00
3   0.00  0.00  7.67  0.00  0.00  0.00  0.00  0.00  0.00  0.00   0.00   7.67
10  0.00  0.00  0.00  0.00  0.00  0.00  0.00  7.67  0.00  7.67   0.00   0.00
11  7.67  0.00  0.00  7.67  7.67  0.00  7.67  0.00  0.00  0.00   5.37   0.00
7   0.00  0.00  0.00  7.67  7.67  0.00  0.00  0.00  0.00  0.00   0.00   0.00
12  7.67  0.00  0.00  0.00  7.67  0.00  7.67  0.00  0.00  0.00   5.37   0.00
1   0.00  0.00  0.00  0.00  0.00  0.00  0.00  5.37  0.00  5.37   0.00  17.52
5   0.00  7.67  0.00  7.67  0.00  7.67  0.00  0.00  0.00  0.00  17.52   0.00, 'edges':    source target  weight
0       4     11    7.67
1       4     12    7.67
2      13      6    7.67
3      13      5    7.67
4       6      3    7.67
5       9     11    7.67
6       9      7    7.67
7       9      5    7.67
8       8     11    7.67
9       8      7    7.67
10      8     12    7.67
11      3      5    7.67
12     10     11    7.67
13     10     12    7.67
14     11      1    5.37
15     12      1    5.37
16      1      5   17.52}"
f,173
173,"{'ts': (16.51,), 'nodes': {'1': ""{'demand': -4, 'value': 0, 'price': 7.67, 'type': 'buyer', 'color': (0, 0, 1), 'pos': (0, 0, 0)}"", '3': ""{'demand': -5, 'value': 0, 'price': 7.67, 'type': 'buyer', 'color': (0, 0, 3), 'pos': (0, 0, 0)}"", '4': ""{'demand': -4, 'value': 7.67, 'price': 7.67, 'type': 'buyer', 'color': (0.0, 0.9294117647058824, 0.5352941176470588), 'pos': [6.38, 0.83, 0]}"", '5': ""{'demand': 4, 'value': 0, 'price': 17.52, 'type': 'seller', 'color': (0, 0, 5), 'pos': (0, 0, 0)}"", '6': ""{'demand': 1, 'value': 0, 'price': 7.67, 'type': 'seller', 'color': (0, 0, 6), 'pos': (0, 0, 0)}"", '7': ""{'demand': 2, 'value': 0, 'price': 7.67, 'type': 'seller', 'color': (0, 0, 7), 'pos': (0, 0, 0)}"", '8': ""{'demand': -4, 'value': 9.13, 'price': 7.67, 'type': 'buyer', 'color': (0, 0, 8), 'pos': (0, 0, 0)}"", '9': ""{'demand': -5, 'value': 7.67, 'price': 7.67, 'type': 'buyer', 'color': (0, 0, 9), 'pos': (0, 0, 0)}"", '10': ""{'demand': -3, 'value': 7.67, 'price': 7.67, 'type': 'buyer', 'color': (0, 0, 10), 'pos': (0, 0, 0)}"", '11': ""{'demand': 3, 'value': 0, 'price': 7.67, 'type': 'seller', 'color': (0, 0, 11), 'pos': (0, 0, 0)}"", '12': ""{'demand': 4, 'value': 0, 'price': 18.56, 'type': 'seller', 'color': (0, 0, 12), 'pos': (0, 0, 0)}"", '13': ""{'demand': -2, 'value': 7.67, 'price': 7.67, 'type': 'buyer', 'color': (0.0, 0.6431372549019607, 0.6784313725490196), 'pos': [4.26, -0.31, 0]}""}, 'adj':        4    13     6     9     8     3    10    11     7    12     1     5
4   0.00  0.00  0.00  0.00  0.00  0.00  0.00  7.67  0.00  7.67  0.00  0.00
13  0.00  0.00  7.67  0.00  0.00  0.00  0.00  0.00  0.00  0.00  0.00  7.67
6   0.00  7.67  0.00  0.00  0.00  7.67  0.00  0.00  0.00  0.00  0.00  0.00
9   0.00  0.00  0.00  0.00  0.00  0.00  0.00  7.67  7.67  0.00  0.00  7.67
8   0.00  0.00  0.00  0.00  0.00  0.00  0.00  7.67  7.67  7.67  0.00  0.00
3   0.00  0.00  7.67  0.00  0.00  0.00  0.00  0.00  0.00  0.00  0.00  7.67
10  0.00  0.00  0.00  0.00  0.00  0.00  0.00  7.67  0.00  7.67  0.00  0.00
11  7.67  0.00  0.00  7.67  7.67  0.00  7.67  0.00  0.00  0.00  7.67  0.00
7   0.00  0.00  0.00  7.67  7.67  0.00  0.00  0.00  0.00  0.00  0.00  0.00
12  7.67  0.00  0.00  0.00  7.67  0.00  7.67  0.00  0.00  0.00  7.67  0.00
1   0.00  0.00  0.00  0.00  0.00  0.00  0.00  7.67  0.00  7.67  0.00  7.67
5   0.00  7.67  0.00  7.67  0.00  7.67  0.00  0.00  0.00  0.00  7.67  0.00, 'edges':    source target  weight
0       4     11    7.67
1       4     12    7.67
2      13      6    7.67
3      13      5    7.67
4       6      3    7.67
5       9     11    7.67
6       9      7    7.67
7       9      5    7.67
8       8     11    7.67
9       8      7    7.67
10      8     12    7.67
11      3      5    7.67
12     10     11    7.67
13     10     12    7.67
14     11      1    7.67
15     12      1    7.67
16      1      5    7.67}"
f,174
174,"{'ts': (16.52,), 'nodes': {'1': ""{'demand': -4, 'value': 0, 'price': 7.67, 'type': 'buyer', 'color': (0, 0, 1), 'pos': (0, 0, 0)}"", '3': ""{'demand': -5, 'value': 0, 'price': 7.67, 'type': 'buyer', 'color': (0, 0, 3), 'pos': (0, 0, 0)}"", '4': ""{'demand': -3, 'value': 7.67, 'price': 7.67, 'type': 'buyer', 'color': (0.0, 0.9294117647058824, 0.5352941176470588), 'pos': [6.38, 0.83, 0]}"", '5': ""{'demand': 4, 'value': 0, 'price': 17.52, 'type': 'seller', 'color': (0, 0, 5), 'pos': (0, 0, 0)}"", '6': ""{'demand': 1, 'value': 0, 'price': 7.67, 'type': 'seller', 'color': (0, 0, 6), 'pos': (0, 0, 0)}"", '7': ""{'demand': 2, 'value': 0, 'price': 7.67, 'type': 'seller', 'color': (0, 0, 7), 'pos': (0, 0, 0)}"", '8': ""{'demand': -4, 'value': 9.13, 'price': 7.67, 'type': 'buyer', 'color': (0, 0, 8), 'pos': (0, 0, 0)}"", '9': ""{'demand': -5, 'value': 7.67, 'price': 7.67, 'type': 'buyer', 'color': (0, 0, 9), 'pos': (0, 0, 0)}"", '10': ""{'demand': -3, 'value': 7.67, 'price': 7.67, 'type': 'buyer', 'color': (0, 0, 10), 'pos': (0, 0, 0)}"", '11': ""{'demand': 2, 'value': 0, 'price': 7.67, 'type': 'seller', 'color': (0, 0, 11), 'pos': (0, 0, 0)}"", '12': ""{'demand': 4, 'value': 0, 'price': 18.56, 'type': 'seller', 'color': (0, 0, 12), 'pos': (0, 0, 0)}"", '13': ""{'demand': -2, 'value': 7.67, 'price': 7.67, 'type': 'buyer', 'color': (0.0, 0.6431372549019607, 0.6784313725490196), 'pos': [4.26, -0.31, 0]}""}, 'adj':        4    13     6     9     8     3    10    11     7    12     1     5
4   0.00  0.00  0.00  0.00  0.00  0.00  0.00  7.67  0.00  7.67  0.00  0.00
13  0.00  0.00  7.67  0.00  0.00  0.00  0.00  0.00  0.00  0.00  0.00  7.67
6   0.00  7.67  0.00  0.00  0.00  7.67  0.00  0.00  0.00  0.00  0.00  0.00
9   0.00  0.00  0.00  0.00  0.00  0.00  0.00  7.67  7.67  0.00  0.00  7.67
8   0.00  0.00  0.00  0.00  0.00  0.00  0.00  7.67  7.67  7.67  0.00  0.00
3   0.00  0.00  7.67  0.00  0.00  0.00  0.00  0.00  0.00  0.00  0.00  7.67
10  0.00  0.00  0.00  0.00  0.00  0.00  0.00  7.67  0.00  7.67  0.00  0.00
11  7.67  0.00  0.00  7.67  7.67  0.00  7.67  0.00  0.00  0.00  7.67  0.00
7   0.00  0.00  0.00  7.67  7.67  0.00  0.00  0.00  0.00  0.00  0.00  0.00
12  7.67  0.00  0.00  0.00  7.67  0.00  7.67  0.00  0.00  0.00  7.67  0.00
1   0.00  0.00  0.00  0.00  0.00  0.00  0.00  7.67  0.00  7.67  0.00  7.67
5   0.00  7.67  0.00  7.67  0.00  7.67  0.00  0.00  0.00  0.00  7.67  0.00, 'edges':    source target  weight
0       4     11    7.67
1       4     12    7.67
2      13      6    7.67
3      13      5    7.67
4       6      3    7.67
5       9     11    7.67
6       9      7    7.67
7       9      5    7.67
8       8     11    7.67
9       8      7    7.67
10      8     12    7.67
11      3      5    7.67
12     10     11    7.67
13     10     12    7.67
14     11      1    7.67
15     12      1    7.67
16      1      5    7.67}"
f,175
175,"{'ts': (16.52,), 'nodes': {'1': ""{'demand': -4, 'value': 0, 'price': 7.67, 'type': 'buyer', 'color': (0, 0, 1), 'pos': (0, 0, 0)}"", '3': ""{'demand': -5, 'value': 0, 'price': 7.67, 'type': 'buyer', 'color': (0, 0, 3), 'pos': (0, 0, 0)}"", '4': ""{'demand': -3, 'value': 7.67, 'price': 7.67, 'type': 'buyer', 'color': (0.0, 0.9294117647058824, 0.5352941176470588), 'pos': [6.38, 0.83, 0]}"", '5': ""{'demand': 4, 'value': 0, 'price': 17.52, 'type': 'seller', 'color': (0, 0, 5), 'pos': (0, 0, 0)}"", '6': ""{'demand': 1, 'value': 0, 'price': 7.67, 'type': 'seller', 'color': (0, 0, 6), 'pos': (0, 0, 0)}"", '7': ""{'demand': 2, 'value': 0, 'price': 7.67, 'type': 'seller', 'color': (0, 0, 7), 'pos': (0, 0, 0)}"", '8': ""{'demand': -4, 'value': 9.13, 'price': 7.67, 'type': 'buyer', 'color': (0, 0, 8), 'pos': (0, 0, 0)}"", '9': ""{'demand': -5, 'value': 7.67, 'price': 7.67, 'type': 'buyer', 'color': (0, 0, 9), 'pos': (0, 0, 0)}"", '10': ""{'demand': -3, 'value': 7.67, 'price': 7.67, 'type': 'buyer', 'color': (0, 0, 10), 'pos': (0, 0, 0)}"", '11': ""{'demand': 2, 'value': 0, 'price': 7.67, 'type': 'seller', 'color': (0, 0, 11), 'pos': (0, 0, 0)}"", '12': ""{'demand': 4, 'value': 0, 'price': 18.56, 'type': 'seller', 'color': (0, 0, 12), 'pos': (0, 0, 0)}"", '13': ""{'demand': -2, 'value': 7.67, 'price': 7.67, 'type': 'buyer', 'color': (0.0, 0.6431372549019607, 0.6784313725490196), 'pos': [4.26, -0.31, 0]}""}, 'adj':        4    13     6     9     8     3    10    11     7    12     1     5
4   0.00  0.00  0.00  0.00  0.00  0.00  0.00  7.67  0.00  7.67  0.00  0.00
13  0.00  0.00  7.67  0.00  0.00  0.00  0.00  0.00  0.00  0.00  0.00  7.67
6   0.00  7.67  0.00  0.00  0.00  7.67  0.00  0.00  0.00  0.00  0.00  0.00
9   0.00  0.00  0.00  0.00  0.00  0.00  0.00  7.67  7.67  0.00  0.00  7.67
8   0.00  0.00  0.00  0.00  0.00  0.00  0.00  7.67  7.67  7.67  0.00  0.00
3   0.00  0.00  7.67  0.00  0.00  0.00  0.00  0.00  0.00  0.00  0.00  7.67
10  0.00  0.00  0.00  0.00  0.00  0.00  0.00  7.67  0.00  7.67  0.00  0.00
11  7.67  0.00  0.00  7.67  7.67  0.00  7.67  0.00  0.00  0.00  7.67  0.00
7   0.00  0.00  0.00  7.67  7.67  0.00  0.00  0.00  0.00  0.00  0.00  0.00
12  7.67  0.00  0.00  0.00  7.67  0.00  7.67  0.00  0.00  0.00  7.67  0.00
1   0.00  0.00  0.00  0.00  0.00  0.00  0.00  7.67  0.00  7.67  0.00  7.67
5   0.00  7.67  0.00  7.67  0.00  7.67  0.00  0.00  0.00  0.00  7.67  0.00, 'edges':    source target  weight
0       4     11    7.67
1       4     12    7.67
2      13      6    7.67
3      13      5    7.67
4       6      3    7.67
5       9     11    7.67
6       9      7    7.67
7       9      5    7.67
8       8     11    7.67
9       8      7    7.67
10      8     12    7.67
11      3      5    7.67
12     10     11    7.67
13     10     12    7.67
14     11      1    7.67
15     12      1    7.67
16      1      5    7.67}"
f,176
176,"{'ts': (16.53,), 'nodes': {'1': ""{'demand': -4, 'value': 0, 'price': 7.67, 'type': 'buyer', 'color': (0, 0, 1), 'pos': (0, 0, 0)}"", '3': ""{'demand': -5, 'value': 0, 'price': 7.67, 'type': 'buyer', 'color': (0, 0, 3), 'pos': (0, 0, 0)}"", '4': ""{'demand': -3, 'value': 7.67, 'price': 7.67, 'type': 'buyer', 'color': (0.0, 0.9294117647058824, 0.5352941176470588), 'pos': [6.38, 0.83, 0]}"", '5': ""{'demand': 4, 'value': 0, 'price': 17.52, 'type': 'seller', 'color': (0, 0, 5), 'pos': (0, 0, 0)}"", '6': ""{'demand': 1, 'value': 0, 'price': 7.67, 'type': 'seller', 'color': (0, 0, 6), 'pos': (0, 0, 0)}"", '7': ""{'demand': 2, 'value': 0, 'price': 7.67, 'type': 'seller', 'color': (0, 0, 7), 'pos': (0, 0, 0)}"", '8': ""{'demand': -4, 'value': 9.13, 'price': 7.67, 'type': 'buyer', 'color': (0, 0, 8), 'pos': (0, 0, 0)}"", '9': ""{'demand': -5, 'value': 7.67, 'price': 7.67, 'type': 'buyer', 'color': (0, 0, 9), 'pos': (0, 0, 0)}"", '10': ""{'demand': -3, 'value': 7.67, 'price': 7.67, 'type': 'buyer', 'color': (0, 0, 10), 'pos': (0, 0, 0)}"", '11': ""{'demand': 2, 'value': 0, 'price': 7.67, 'type': 'seller', 'color': (0, 0, 11), 'pos': (0, 0, 0)}"", '12': ""{'demand': 4, 'value': 0, 'price': 18.56, 'type': 'seller', 'color': (0, 0, 12), 'pos': (0, 0, 0)}"", '13': ""{'demand': -2, 'value': 7.67, 'price': 7.67, 'type': 'buyer', 'color': (0.0, 0.6431372549019607, 0.6784313725490196), 'pos': [4.26, -0.31, 0]}""}, 'adj':        4    13     6     9     8     3    10    11     7    12     1     5
4   0.00  0.00  0.00  0.00  0.00  0.00  0.00  7.67  0.00  7.67  0.00  0.00
13  0.00  0.00  7.67  0.00  0.00  0.00  0.00  0.00  0.00  0.00  0.00  7.67
6   0.00  7.67  0.00  0.00  0.00  7.67  0.00  0.00  0.00  0.00  0.00  0.00
9   0.00  0.00  0.00  0.00  0.00  0.00  0.00  7.67  7.67  0.00  0.00  7.67
8   0.00  0.00  0.00  0.00  0.00  0.00  0.00  7.67  7.67  7.67  0.00  0.00
3   0.00  0.00  7.67  0.00  0.00  0.00  0.00  0.00  0.00  0.00  0.00  7.67
10  0.00  0.00  0.00  0.00  0.00  0.00  0.00  7.67  0.00  7.67  0.00  0.00
11  7.67  0.00  0.00  7.67  7.67  0.00  7.67  0.00  0.00  0.00  7.67  0.00
7   0.00  0.00  0.00  7.67  7.67  0.00  0.00  0.00  0.00  0.00  0.00  0.00
12  7.67  0.00  0.00  0.00  7.67  0.00  7.67  0.00  0.00  0.00  7.67  0.00
1   0.00  0.00  0.00  0.00  0.00  0.00  0.00  7.67  0.00  7.67  0.00  7.67
5   0.00  7.67  0.00  7.67  0.00  7.67  0.00  0.00  0.00  0.00  7.67  0.00, 'edges':    source target  weight
0       4     11    7.67
1       4     12    7.67
2      13      6    7.67
3      13      5    7.67
4       6      3    7.67
5       9     11    7.67
6       9      7    7.67
7       9      5    7.67
8       8     11    7.67
9       8      7    7.67
10      8     12    7.67
11      3      5    7.67
12     10     11    7.67
13     10     12    7.67
14     11      1    7.67
15     12      1    7.67
16      1      5    7.67}"
f,177
177,"{'ts': (16.53,), 'nodes': {'1': ""{'demand': -4, 'value': 0, 'price': 7.67, 'type': 'buyer', 'color': (0, 0, 1), 'pos': (0, 0, 0)}"", '3': ""{'demand': -5, 'value': 0, 'price': 7.67, 'type': 'buyer', 'color': (0, 0, 3), 'pos': (0, 0, 0)}"", '4': ""{'demand': -3, 'value': 7.67, 'price': 7.67, 'type': 'buyer', 'color': (0.0, 0.9294117647058824, 0.5352941176470588), 'pos': [6.38, 0.83, 0]}"", '5': ""{'demand': 4, 'value': 0, 'price': 17.52, 'type': 'seller', 'color': (0, 0, 5), 'pos': (0, 0, 0)}"", '6': ""{'demand': 1, 'value': 0, 'price': 7.67, 'type': 'seller', 'color': (0, 0, 6), 'pos': (0, 0, 0)}"", '7': ""{'demand': 1, 'value': 0, 'price': 7.67, 'type': 'seller', 'color': (0, 0, 7), 'pos': (0, 0, 0)}"", '8': ""{'demand': -4, 'value': 9.13, 'price': 7.67, 'type': 'buyer', 'color': (0, 0, 8), 'pos': (0, 0, 0)}"", '9': ""{'demand': -4, 'value': 7.67, 'price': 7.67, 'type': 'buyer', 'color': (0, 0, 9), 'pos': (0, 0, 0)}"", '10': ""{'demand': -3, 'value': 7.67, 'price': 7.67, 'type': 'buyer', 'color': (0, 0, 10), 'pos': (0, 0, 0)}"", '11': ""{'demand': 2, 'value': 0, 'price': 7.67, 'type': 'seller', 'color': (0, 0, 11), 'pos': (0, 0, 0)}"", '12': ""{'demand': 4, 'value': 0, 'price': 7.67, 'type': 'seller', 'color': (0, 0, 12), 'pos': (0, 0, 0)}"", '13': ""{'demand': -2, 'value': 7.67, 'price': 7.67, 'type': 'buyer', 'color': (0.0, 0.6431372549019607, 0.6784313725490196), 'pos': [4.26, -0.31, 0]}""}, 'adj':        4    13     6     9     8     3    10    11     7    12     1     5
4   0.00  0.00  0.00  0.00  0.00  0.00  0.00  7.67  0.00  7.67  0.00  0.00
13  0.00  0.00  7.67  0.00  0.00  0.00  0.00  0.00  0.00  0.00  0.00  7.67
6   0.00  7.67  0.00  0.00  0.00  7.67  0.00  0.00  0.00  0.00  0.00  0.00
9   0.00  0.00  0.00  0.00  0.00  0.00  0.00  7.67  7.67  0.00  0.00  7.67
8   0.00  0.00  0.00  0.00  0.00  0.00  0.00  7.67  7.67  7.67  0.00  0.00
3   0.00  0.00  7.67  0.00  0.00  0.00  0.00  0.00  0.00  0.00  0.00  7.67
10  0.00  0.00  0.00  0.00  0.00  0.00  0.00  7.67  0.00  7.67  0.00  0.00
11  7.67  0.00  0.00  7.67  7.67  0.00  7.67  0.00  0.00  0.00  7.67  0.00
7   0.00  0.00  0.00  7.67  7.67  0.00  0.00  0.00  0.00  0.00  0.00  0.00
12  7.67  0.00  0.00  0.00  7.67  0.00  7.67  0.00  0.00  0.00  7.67  0.00
1   0.00  0.00  0.00  0.00  0.00  0.00  0.00  7.67  0.00  7.67  0.00  7.67
5   0.00  7.67  0.00  7.67  0.00  7.67  0.00  0.00  0.00  0.00  7.67  0.00, 'edges':    source target  weight
0       4     11    7.67
1       4     12    7.67
2      13      6    7.67
3      13      5    7.67
4       6      3    7.67
5       9     11    7.67
6       9      7    7.67
7       9      5    7.67
8       8     11    7.67
9       8      7    7.67
10      8     12    7.67
11      3      5    7.67
12     10     11    7.67
13     10     12    7.67
14     11      1    7.67
15     12      1    7.67
16      1      5    7.67}"
f,178
178,"{'ts': (16.54,), 'nodes': {'1': ""{'demand': -4, 'value': 0, 'price': 7.67, 'type': 'buyer', 'color': (0, 0, 1), 'pos': (0, 0, 0)}"", '3': ""{'demand': -5, 'value': 0, 'price': 7.67, 'type': 'buyer', 'color': (0, 0, 3), 'pos': (0, 0, 0)}"", '4': ""{'demand': -3, 'value': 7.67, 'price': 7.67, 'type': 'buyer', 'color': (0.0, 0.9294117647058824, 0.5352941176470588), 'pos': [6.38, 0.83, 0]}"", '5': ""{'demand': 4, 'value': 0, 'price': 17.52, 'type': 'seller', 'color': (0, 0, 5), 'pos': (0, 0, 0)}"", '6': ""{'demand': 1, 'value': 0, 'price': 7.67, 'type': 'seller', 'color': (0, 0, 6), 'pos': (0, 0, 0)}"", '7': ""{'demand': 1, 'value': 0, 'price': 7.67, 'type': 'seller', 'color': (0, 0, 7), 'pos': (0, 0, 0)}"", '8': ""{'demand': -4, 'value': 9.13, 'price': 7.67, 'type': 'buyer', 'color': (0, 0, 8), 'pos': (0, 0, 0)}"", '9': ""{'demand': -4, 'value': 7.67, 'price': 7.67, 'type': 'buyer', 'color': (0, 0, 9), 'pos': (0, 0, 0)}"", '10': ""{'demand': -3, 'value': 7.67, 'price': 7.67, 'type': 'buyer', 'color': (0, 0, 10), 'pos': (0, 0, 0)}"", '11': ""{'demand': 2, 'value': 0, 'price': 7.67, 'type': 'seller', 'color': (0, 0, 11), 'pos': (0, 0, 0)}"", '12': ""{'demand': 4, 'value': 0, 'price': 7.67, 'type': 'seller', 'color': (0, 0, 12), 'pos': (0, 0, 0)}"", '13': ""{'demand': -2, 'value': 7.67, 'price': 7.67, 'type': 'buyer', 'color': (0.0, 0.6431372549019607, 0.6784313725490196), 'pos': [4.26, -0.31, 0]}""}, 'adj':        4    13     6     9     8     3    10    11     7    12     1     5
4   0.00  0.00  0.00  0.00  0.00  0.00  0.00  7.67  0.00  7.67  0.00  0.00
13  0.00  0.00  7.67  0.00  0.00  0.00  0.00  0.00  0.00  0.00  0.00  7.67
6   0.00  7.67  0.00  0.00  0.00  7.67  0.00  0.00  0.00  0.00  0.00  0.00
9   0.00  0.00  0.00  0.00  0.00  0.00  0.00  7.67  7.67  0.00  0.00  7.67
8   0.00  0.00  0.00  0.00  0.00  0.00  0.00  7.67  7.67  7.67  0.00  0.00
3   0.00  0.00  7.67  0.00  0.00  0.00  0.00  0.00  0.00  0.00  0.00  7.67
10  0.00  0.00  0.00  0.00  0.00  0.00  0.00  7.67  0.00  7.67  0.00  0.00
11  7.67  0.00  0.00  7.67  7.67  0.00  7.67  0.00  0.00  0.00  7.67  0.00
7   0.00  0.00  0.00  7.67  7.67  0.00  0.00  0.00  0.00  0.00  0.00  0.00
12  7.67  0.00  0.00  0.00  7.67  0.00  7.67  0.00  0.00  0.00  7.67  0.00
1   0.00  0.00  0.00  0.00  0.00  0.00  0.00  7.67  0.00  7.67  0.00  7.67
5   0.00  7.67  0.00  7.67  0.00  7.67  0.00  0.00  0.00  0.00  7.67  0.00, 'edges':    source target  weight
0       4     11    7.67
1       4     12    7.67
2      13      6    7.67
3      13      5    7.67
4       6      3    7.67
5       9     11    7.67
6       9      7    7.67
7       9      5    7.67
8       8     11    7.67
9       8      7    7.67
10      8     12    7.67
11      3      5    7.67
12     10     11    7.67
13     10     12    7.67
14     11      1    7.67
15     12      1    7.67
16      1      5    7.67}"
f,179
179,"{'ts': (16.55,), 'nodes': {'1': ""{'demand': -4, 'value': 0, 'price': 7.67, 'type': 'buyer', 'color': (0, 0, 1), 'pos': (0, 0, 0)}"", '3': ""{'demand': -5, 'value': 0, 'price': 7.67, 'type': 'buyer', 'color': (0, 0, 3), 'pos': (0, 0, 0)}"", '4': ""{'demand': -3, 'value': 7.67, 'price': 7.67, 'type': 'buyer', 'color': (0.0, 0.9294117647058824, 0.5352941176470588), 'pos': [6.38, 0.83, 0]}"", '5': ""{'demand': 4, 'value': 0, 'price': 17.52, 'type': 'seller', 'color': (0, 0, 5), 'pos': (0, 0, 0)}"", '6': ""{'demand': 1, 'value': 0, 'price': 7.67, 'type': 'seller', 'color': (0, 0, 6), 'pos': (0, 0, 0)}"", '7': ""{'demand': 1, 'value': 0, 'price': 7.67, 'type': 'seller', 'color': (0, 0, 7), 'pos': (0, 0, 0)}"", '8': ""{'demand': -4, 'value': 9.13, 'price': 7.67, 'type': 'buyer', 'color': (0, 0, 8), 'pos': (0, 0, 0)}"", '9': ""{'demand': -4, 'value': 7.67, 'price': 7.67, 'type': 'buyer', 'color': (0, 0, 9), 'pos': (0, 0, 0)}"", '10': ""{'demand': -3, 'value': 7.67, 'price': 7.67, 'type': 'buyer', 'color': (0, 0, 10), 'pos': (0, 0, 0)}"", '11': ""{'demand': 2, 'value': 0, 'price': 7.67, 'type': 'seller', 'color': (0, 0, 11), 'pos': (0, 0, 0)}"", '12': ""{'demand': 4, 'value': 0, 'price': 7.67, 'type': 'seller', 'color': (0, 0, 12), 'pos': (0, 0, 0)}"", '13': ""{'demand': -2, 'value': 7.67, 'price': 7.67, 'type': 'buyer', 'color': (0.0, 0.6431372549019607, 0.6784313725490196), 'pos': [4.26, -0.31, 0]}""}, 'adj':        4    13     6     9     8     3    10    11     7    12     1     5
4   0.00  0.00  0.00  0.00  0.00  0.00  0.00  7.67  0.00  7.67  0.00  0.00
13  0.00  0.00  7.67  0.00  0.00  0.00  0.00  0.00  0.00  0.00  0.00  7.67
6   0.00  7.67  0.00  0.00  0.00  7.67  0.00  0.00  0.00  0.00  0.00  0.00
9   0.00  0.00  0.00  0.00  0.00  0.00  0.00  7.67  7.67  0.00  0.00  7.67
8   0.00  0.00  0.00  0.00  0.00  0.00  0.00  7.67  7.67  7.67  0.00  0.00
3   0.00  0.00  7.67  0.00  0.00  0.00  0.00  0.00  0.00  0.00  0.00  7.67
10  0.00  0.00  0.00  0.00  0.00  0.00  0.00  7.67  0.00  7.67  0.00  0.00
11  7.67  0.00  0.00  7.67  7.67  0.00  7.67  0.00  0.00  0.00  7.67  0.00
7   0.00  0.00  0.00  7.67  7.67  0.00  0.00  0.00  0.00  0.00  0.00  0.00
12  7.67  0.00  0.00  0.00  7.67  0.00  7.67  0.00  0.00  0.00  7.67  0.00
1   0.00  0.00  0.00  0.00  0.00  0.00  0.00  7.67  0.00  7.67  0.00  7.67
5   0.00  7.67  0.00  7.67  0.00  7.67  0.00  0.00  0.00  0.00  7.67  0.00, 'edges':    source target  weight
0       4     11    7.67
1       4     12    7.67
2      13      6    7.67
3      13      5    7.67
4       6      3    7.67
5       9     11    7.67
6       9      7    7.67
7       9      5    7.67
8       8     11    7.67
9       8      7    7.67
10      8     12    7.67
11      3      5    7.67
12     10     11    7.67
13     10     12    7.67
14     11      1    7.67
15     12      1    7.67
16      1      5    7.67}"
f,180
180,"{'ts': (16.55,), 'nodes': {'1': ""{'demand': -4, 'value': 0, 'price': 7.67, 'type': 'buyer', 'color': (0, 0, 1), 'pos': (0, 0, 0)}"", '3': ""{'demand': -5, 'value': 0, 'price': 7.67, 'type': 'buyer', 'color': (0, 0, 3), 'pos': (0, 0, 0)}"", '4': ""{'demand': -3, 'value': 7.67, 'price': 7.67, 'type': 'buyer', 'color': (0.0, 0.9294117647058824, 0.5352941176470588), 'pos': [6.38, 0.83, 0]}"", '5': ""{'demand': 4, 'value': 0, 'price': 17.52, 'type': 'seller', 'color': (0, 0, 5), 'pos': (0, 0, 0)}"", '6': ""{'demand': 1, 'value': 0, 'price': 7.67, 'type': 'seller', 'color': (0, 0, 6), 'pos': (0, 0, 0)}"", '7': ""{'demand': 1, 'value': 0, 'price': 7.67, 'type': 'seller', 'color': (0, 0, 7), 'pos': (0, 0, 0)}"", '8': ""{'demand': -4, 'value': 9.13, 'price': 7.67, 'type': 'buyer', 'color': (0, 0, 8), 'pos': (0, 0, 0)}"", '9': ""{'demand': -4, 'value': 7.67, 'price': 7.67, 'type': 'buyer', 'color': (0, 0, 9), 'pos': (0, 0, 0)}"", '10': ""{'demand': -3, 'value': 7.67, 'price': 7.67, 'type': 'buyer', 'color': (0, 0, 10), 'pos': (0, 0, 0)}"", '11': ""{'demand': 2, 'value': 0, 'price': 7.67, 'type': 'seller', 'color': (0, 0, 11), 'pos': (0, 0, 0)}"", '12': ""{'demand': 4, 'value': 0, 'price': 7.67, 'type': 'seller', 'color': (0, 0, 12), 'pos': (0, 0, 0)}"", '13': ""{'demand': -2, 'value': 7.67, 'price': 7.67, 'type': 'buyer', 'color': (0.0, 0.6431372549019607, 0.6784313725490196), 'pos': [4.26, -0.31, 0]}""}, 'adj':        4    13     6     9     8     3    10    11     7    12     1     5
4   0.00  0.00  0.00  0.00  0.00  0.00  0.00  7.67  0.00  7.67  0.00  0.00
13  0.00  0.00  7.67  0.00  0.00  0.00  0.00  0.00  0.00  0.00  0.00  7.67
6   0.00  7.67  0.00  0.00  0.00  7.67  0.00  0.00  0.00  0.00  0.00  0.00
9   0.00  0.00  0.00  0.00  0.00  0.00  0.00  7.67  7.67  0.00  0.00  7.67
8   0.00  0.00  0.00  0.00  0.00  0.00  0.00  7.67  7.67  7.67  0.00  0.00
3   0.00  0.00  7.67  0.00  0.00  0.00  0.00  0.00  0.00  0.00  0.00  7.67
10  0.00  0.00  0.00  0.00  0.00  0.00  0.00  7.67  0.00  7.67  0.00  0.00
11  7.67  0.00  0.00  7.67  7.67  0.00  7.67  0.00  0.00  0.00  7.67  0.00
7   0.00  0.00  0.00  7.67  7.67  0.00  0.00  0.00  0.00  0.00  0.00  0.00
12  7.67  0.00  0.00  0.00  7.67  0.00  7.67  0.00  0.00  0.00  7.67  0.00
1   0.00  0.00  0.00  0.00  0.00  0.00  0.00  7.67  0.00  7.67  0.00  7.67
5   0.00  7.67  0.00  7.67  0.00  7.67  0.00  0.00  0.00  0.00  7.67  0.00, 'edges':    source target  weight
0       4     11    7.67
1       4     12    7.67
2      13      6    7.67
3      13      5    7.67
4       6      3    7.67
5       9     11    7.67
6       9      7    7.67
7       9      5    7.67
8       8     11    7.67
9       8      7    7.67
10      8     12    7.67
11      3      5    7.67
12     10     11    7.67
13     10     12    7.67
14     11      1    7.67
15     12      1    7.67
16      1      5    7.67}"
f,181
181,"{'ts': (16.56,), 'nodes': {'1': ""{'demand': -4, 'value': 0, 'price': 7.67, 'type': 'buyer', 'color': (0, 0, 1), 'pos': (0, 0, 0)}"", '3': ""{'demand': -5, 'value': 0, 'price': 7.67, 'type': 'buyer', 'color': (0, 0, 3), 'pos': (0, 0, 0)}"", '4': ""{'demand': -3, 'value': 7.67, 'price': 7.67, 'type': 'buyer', 'color': (0.0, 0.9294117647058824, 0.5352941176470588), 'pos': [6.38, 0.83, 0]}"", '5': ""{'demand': 4, 'value': 0, 'price': 17.52, 'type': 'seller', 'color': (0, 0, 5), 'pos': (0, 0, 0)}"", '6': ""{'demand': 1, 'value': 0, 'price': 7.67, 'type': 'seller', 'color': (0, 0, 6), 'pos': (0, 0, 0)}"", '7': ""{'demand': 1, 'value': 0, 'price': 7.67, 'type': 'seller', 'color': (0, 0, 7), 'pos': (0, 0, 0)}"", '8': ""{'demand': -4, 'value': 9.13, 'price': 7.67, 'type': 'buyer', 'color': (0, 0, 8), 'pos': (0, 0, 0)}"", '9': ""{'demand': -4, 'value': 7.67, 'price': 7.67, 'type': 'buyer', 'color': (0, 0, 9), 'pos': (0, 0, 0)}"", '10': ""{'demand': -3, 'value': 7.67, 'price': 7.67, 'type': 'buyer', 'color': (0, 0, 10), 'pos': (0, 0, 0)}"", '11': ""{'demand': 2, 'value': 0, 'price': 7.67, 'type': 'seller', 'color': (0, 0, 11), 'pos': (0, 0, 0)}"", '12': ""{'demand': 4, 'value': 0, 'price': 7.67, 'type': 'seller', 'color': (0, 0, 12), 'pos': (0, 0, 0)}"", '13': ""{'demand': -2, 'value': 7.67, 'price': 7.67, 'type': 'buyer', 'color': (0.0, 0.6431372549019607, 0.6784313725490196), 'pos': [4.26, -0.31, 0]}""}, 'adj':        4    13     6     9     8     3    10    11     7    12     1     5
4   0.00  0.00  0.00  0.00  0.00  0.00  0.00  7.67  0.00  7.67  0.00  0.00
13  0.00  0.00  7.67  0.00  0.00  0.00  0.00  0.00  0.00  0.00  0.00  7.67
6   0.00  7.67  0.00  0.00  0.00  7.67  0.00  0.00  0.00  0.00  0.00  0.00
9   0.00  0.00  0.00  0.00  0.00  0.00  0.00  7.67  7.67  0.00  0.00  7.67
8   0.00  0.00  0.00  0.00  0.00  0.00  0.00  7.67  7.67  7.67  0.00  0.00
3   0.00  0.00  7.67  0.00  0.00  0.00  0.00  0.00  0.00  0.00  0.00  7.67
10  0.00  0.00  0.00  0.00  0.00  0.00  0.00  7.67  0.00  7.67  0.00  0.00
11  7.67  0.00  0.00  7.67  7.67  0.00  7.67  0.00  0.00  0.00  7.67  0.00
7   0.00  0.00  0.00  7.67  7.67  0.00  0.00  0.00  0.00  0.00  0.00  0.00
12  7.67  0.00  0.00  0.00  7.67  0.00  7.67  0.00  0.00  0.00  7.67  0.00
1   0.00  0.00  0.00  0.00  0.00  0.00  0.00  7.67  0.00  7.67  0.00  7.67
5   0.00  7.67  0.00  7.67  0.00  7.67  0.00  0.00  0.00  0.00  7.67  0.00, 'edges':    source target  weight
0       4     11    7.67
1       4     12    7.67
2      13      6    7.67
3      13      5    7.67
4       6      3    7.67
5       9     11    7.67
6       9      7    7.67
7       9      5    7.67
8       8     11    7.67
9       8      7    7.67
10      8     12    7.67
11      3      5    7.67
12     10     11    7.67
13     10     12    7.67
14     11      1    7.67
15     12      1    7.67
16      1      5    7.67}"
